close up-look estrosi-nerd-editing no-coppia-natura-travel-spontanea-fashion-spesso-stories-casa sì-vintage-sportiva-tutti i gg-lunghe-storytelling,1
close up-look estrosi-nerd-editing no-coppia-natura-travel-spontanea-make up-poco-stories-casa sì-tendenze-sportiva-esperienze-corte-storytelling,1
close up-look estrosi-nerd-editing sì-sola-città -fashion-posa-no risposta-no risposta-no risposta-casa sì-vintage-sportiva-tutti i gg-no risposta-no risposta,1
close up-look estrosi-glamour-editing no-coppia-città -travel-spontanea-fashion-spesso-stories-casa sì-vintage-sportiva-tutti i gg-corte-legate a foto,1
close up-look estrosi-glamour-editing no-no risposta-natura-no risposta-spontanea-fashion-spesso-no risposta-no risposta-no risposta-no risposta-no risposta-no risposta-no risposta,1
close up-look estrosi-glamour-editing sì-sola-natura-travel-spontanea-fashion-spesso-post-casa sì-tendenze-elegante-tutti i gg-lunghe-storytelling,1
close up-tutti i giorni -nerd-editing sì-coppia-no risposta-travel-spontanea-fashion-spesso-no risposta-no risposta-vintage-sportiva-tutti i gg-corte-legate a foto,1
close up-tutti i giorni -nerd-editing sì-coppia-natura-travel-spontanea-fashion-poco-post-casa sì-vintage-sportiva-tutti i gg-lunghe-legate a foto,1
close up-no risposta-nerd-editing no-coppia-no risposta-travel-spontanea-fashion-spesso-stories-casa sì-no risposta-sportiva-no risposta-no risposta-no risposta,1
close up-tutti i giorni -nerd-no risposta-no risposta-natura-fashion-spontanea-no risposta-spesso-stories-casa sì-vintage-elegante-tutti i gg-lunghe-storytelling,1
close up-tutti i giorni -glamour-editing sì-coppia-città -travel-spontanea-make up-spesso-stories-casa sì-tendenze-sportiva-tutti i gg-corte-legate a foto,1
close up-tutti i giorni -glamour-editing sì-coppia-natura-fashion-spontanea-fashion-spesso-post-casa sì-tendenze-sportiva-esperienze-corte-storytelling,1
close up-tutti i giorni -glamour-editing sì-coppia-natura-travel-spontanea-make up-spesso-stories-casa no-vintage-elegante-esperienze-corte-legate a foto,1
close up-tutti i giorni -glamour-editing sì-sola-città -travel-spontanea-make up-spesso-stories-casa sì-vintage-sportiva-esperienze-corte-legate a foto,1
close up-tutti i giorni -glamour-editing sì-sola-natura-travel-posa-fashion-poco-stories-casa sì-tendenze-sportiva-esperienze-corte-no risposta,1
close up-tutti i giorni -glamour-editing sì-sola-natura-travel-posa-fashion-poco-stories-casa sì-vintage-elegante-tutti i gg-lunghe-legate a foto,1
close up-tutti i giorni -glamour-editing sì-sola-natura-travel-spontanea-no risposta-spesso-post-casa sì-tendenze-sportiva-esperienze-corte-no risposta,1
close up-tutti i giorni -glamour-editing sì-sola-natura-travel-spontanea-make up-poco-post-casa sì-vintage-sportiva-tutti i gg-corte-legate a foto,1
close up-tutti i giorni -glamour-editing sì-sola-no risposta-fashion-spontanea-fashion-spesso-stories-casa no-vintage-sportiva-esperienze-corte-legate a foto,1
close up-tutti i giorni -glamour-editing sì-sola-natura-fashion-spontanea-fashion-poco-stories-casa sì-vintage-elegante-tutti i gg-corte-storytelling,1
close up-tutti i giorni -glamour-editing sì-sola-natura-fashion-posa-fashion-spesso-stories-casa sì-vintage-elegante-tutti i gg-lunghe-legate a foto,1
close up-tutti i giorni -glamour-editing no-coppia-natura-travel-posa-fashion-no risposta-post-casa sì-tendenze-elegante-tutti i gg-corte-no risposta,1
close up-tutti i giorni -glamour-editing no-coppia-città -travel-spontanea-fashion-poco-post-no risposta-no risposta-no risposta-no risposta-no risposta-no risposta,1
close up-tutti i giorni -glamour-editing no-sola-natura-travel-spontanea-fashion-poco-post-casa sì-vintage-elegante-esperienze-corte-no risposta,1
close up-tutti i giorni -glamour-editing no-sola-natura-fashion-spontanea-make up-spesso-stories-casa sì-vintage-sportiva-tutti i gg-lunghe-legate a foto,1
close up-tutti i giorni -glamour-editing no-sola-città -travel-spontanea-make up-spesso-post-casa sì-no risposta-no risposta-esperienze-corte-legate a foto,1
close up-tutti i giorni -glamour-editing no-sola-città -no risposta-no risposta-no risposta-poco-no risposta-no risposta-no risposta-no risposta-no risposta-no risposta-no risposta,1
close up-tutti i giorni -no risposta-editing sì-coppia-città -travel-spontanea-no risposta-no risposta-no risposta-no risposta-no risposta-no risposta-no risposta-no risposta-no risposta,1
close up-no risposta-no risposta-no risposta-no risposta-no risposta-travel-no risposta-no risposta-spesso-post-no risposta-no risposta-no risposta-tutti i gg-lunghe-storytelling,1
total body-look estrosi-glamour-editing sì-coppia-natura-fashion-posa-fashion-spesso-stories-casa sì-vintage-elegante-tutti i gg-corte-storytelling,1
total body-look estrosi-glamour-editing sì-coppia-città -travel-spontanea-make up-spesso-stories-casa sì-tendenze-elegante-tutti i gg-corte-legate a foto,1
total body-look estrosi-no risposta-editing sì-no risposta-no risposta-travel-no risposta-fashion-spesso-no risposta-casa sì-tendenze-no risposta-esperienze-corte-legate a foto,1
no risposta-look estrosi-glamour-editing sì-no risposta-no risposta-no risposta-spontanea-fashion-spesso-stories-casa sì-tendenze-no risposta-esperienze-corte-no risposta,1
total body-look estrosi-glamour-editing sì-sola-città -no risposta-posa-make up-spesso-stories-casa sì-tendenze-elegante-tutti i gg-lunghe-storytelling,1
no risposta-look estrosi-glamour-editing sì-no risposta-no risposta-fashion-posa-make up-spesso-stories-casa sì-tendenze-no risposta-tutti i gg-corte-no risposta,1
total body-look estrosi-glamour-editing no-coppia-natura-fashion-spontanea-make up-poco-post-no risposta-vintage-elegante-tutti i gg-lunghe-no risposta,1
total body-look estrosi-glamour-editing no-coppia-natura-fashion-spontanea-fashion-poco-stories-no risposta-vintage-elegante-no risposta-no risposta-no risposta,1
total body-look estrosi-glamour-editing no-sola-natura-travel-posa-fashion-no risposta-no risposta-no risposta-tendenze-elegante-no risposta-lunghe-storytelling,1
total body-look estrosi-glamour-editing no-sola-città -travel-spontanea-fashion-poco-post-casa sì-vintage-sportiva-tutti i gg-lunghe-legate a foto,1
total body-look estrosi-nerd-editing sì-sola-città -travel-spontanea-make up-poco-stories-casa sì-tendenze-sportiva-tutti i gg-corte-storytelling,1
total body-look estrosi-nerd-editing sì-coppia-natura-fashion-spontanea-fashion-spesso-no risposta-casa sì-vintage-elegante-tutti i gg-lunghe-legate a foto,1
total body-look estrosi-nerd-editing no-coppia-natura-fashion-spontanea-fashion-poco-post-casa sì-vintage-sportiva-tutti i gg-corte-storytelling,1
total body-look estrosi-nerd-editing no-coppia-natura-travel-spontanea-fashion-spesso-post-casa sì-vintage-sportiva-esperienze-corte-legate a foto,1
no risposta-look estrosi-nerd-editing no-coppia-natura-travel-spontanea-fashion-poco-stories-casa sì-no risposta-no risposta-no risposta-lunghe-storytelling,1
total body-look estrosi-nerd-editing no-coppia-città -fashion-spontanea-make up-spesso-stories-casa sì-vintage-sportiva-tutti i gg-lunghe-storytelling,1
no risposta-look estrosi-nerd-editing no-sola-no risposta-travel-posa-fashion-spesso-stories-casa sì-vintage-sportiva-esperienze-lunghe-storytelling,1
total body-tutti i giorni -glamour-editing sì-coppia-città -travel-spontanea-fashion-spesso-stories-casa sì-tendenze-elegante-esperienze-corte-legate a foto,1
total body-tutti i giorni -glamour-editing sì-coppia-città -travel-spontanea-fashion-spesso-stories-casa no-vintage-sportiva-tutti i gg-lunghe-legate a foto,1
total body-tutti i giorni -glamour-editing sì-sola-città -fashion-spontanea-fashion-spesso-stories-casa no-vintage-sportiva-tutti i gg-corte-legate a foto,1
total body-tutti i giorni -glamour-editing sì-sola-natura-travel-spontanea-make up-poco-post-casa sì-tendenze-sportiva-esperienze-corte-legate a foto,1
total body-tutti i giorni -glamour-editing sì-sola-natura-travel-spontanea-fashion-poco-no risposta-casa sì-no risposta-elegante-tutti i gg-corte-no risposta,1
total body-tutti i giorni -glamour-editing no-coppia-città -travel-spontanea-make up-poco-stories-casa no-vintage-sportiva-tutti i gg-corte-no risposta,1
total body-tutti i giorni -glamour-editing no-no risposta-natura-travel-spontanea-make up-no risposta-post-casa no-vintage-elegante-esperienze-corte-legate a foto,1
total body-tutti i giorni -glamour-editing no-sola-no risposta-travel-posa-make up-no risposta-post-no risposta-no risposta-sportiva-tutti i gg-lunghe-no risposta,1
total body-tutti i giorni -glamour-editing no-sola-natura-travel-spontanea-fashion-poco-stories-casa sì-tendenze-sportiva-tutti i gg-lunghe-legate a foto,1
total body-tutti i giorni -glamour-no risposta-no risposta-no risposta-travel-spontanea-no risposta-no risposta-no risposta-no risposta-no risposta-no risposta-no risposta-no risposta-no risposta,1
no risposta-tutti i giorni -glamour-editing sì-coppia-città -travel-posa-make up-spesso-stories-no risposta-vintage-sportiva-esperienze-lunghe-storytelling,1
no risposta-tutti i giorni -glamour-editing sì-coppia-natura-travel-spontanea-make up-poco-stories-casa no-vintage-sportiva-esperienze-lunghe-legate a foto,1
total body-no risposta-no risposta-editing sì-coppia-natura-travel-posa-make up-spesso-stories-casa sì-tendenze-elegante-esperienze-lunghe-storytelling,1
total body-tutti i giorni -glamour-editing sì-coppia-natura-fashion-spontanea-fashion-spesso-stories-casa sì-vintage-elegante-esperienze-lunghe-legate a foto,1
no risposta-no risposta-glamour-no risposta-coppia-natura-fashion-spontanea-make up-spesso-post-casa sì-tendenze-sportiva-esperienze-corte-no risposta,1
total body-tutti i giorni -glamour-editing sì-sola-città -travel-spontanea-no risposta-no risposta-no risposta-no risposta-no risposta-no risposta-no risposta-no risposta-no risposta,1
no risposta-no risposta-glamour-editing sì-no risposta-città -fashion-posa-fashion-spesso-no risposta-casa no-tendenze-elegante-esperienze-lunghe-storytelling,1
total body-tutti i giorni -glamour-editing sì-sola-natura-travel-no risposta-no risposta-no risposta-stories-casa sì-vintage-sportiva-esperienze-no risposta-no risposta,1
total body-no risposta-glamour-editing sì-sola-natura-fashion-posa-make up-poco-no risposta-no risposta-no risposta-elegante-no risposta-lunghe-no risposta,1
total body-tutti i giorni -nerd-editing sì-sola-natura-travel-spontanea-make up-spesso-stories-casa sì-tendenze-sportiva-tutti i gg-lunghe-legate a foto,1
total body-tutti i giorni -nerd-editing sì-sola-natura-travel-spontanea-fashion-spesso-stories-casa sì-tendenze-sportiva-tutti i gg-lunghe-legate a foto,1
total body-tutti i giorni -nerd-no risposta-sola-no risposta-travel-spontanea-make up-spesso-stories-casa sì-tendenze-sportiva-esperienze-lunghe-legate a foto,1
no risposta-no risposta-nerd-editing sì-sola-città -travel-spontanea-fashion-poco-stories-casa sì-tendenze-elegante-tutti i gg-lunghe-storytelling,1
total body-no risposta-no risposta-editing sì-no risposta-no risposta-no risposta-no risposta-make up-no risposta-no risposta-no risposta-no risposta-no risposta-no risposta-no risposta-no risposta,1
no risposta-no risposta-no risposta-editing sì-sola-città -fashion-spontanea-fashion-spesso-post-casa sì-tendenze-sportiva-esperienze-corte-storytelling,1
total body-tutti i giorni -nerd-editing no-coppia-città -travel-spontanea-fashion-spesso-stories-casa sì-vintage-sportiva-esperienze-corte-storytelling,1
no risposta-no risposta-no risposta-editing no-coppia-no risposta-no risposta-no risposta-no risposta-spesso-stories-casa sì-tendenze-sportiva-tutti i gg-no risposta-storytelling,1
total body-tutti i giorni -nerd-editing no-sola-natura-travel-posa-fashion-poco-stories-casa sì-no risposta-sportiva-esperienze-lunghe-legate a foto,1
total body-tutti i giorni -nerd-editing no-sola-natura-travel-spontanea-fashion-poco-stories-casa sì-vintage-sportiva-tutti i gg-lunghe-legate a foto,1
total body-tutti i giorni -nerd-editing no-sola-natura-travel-spontanea-make up-spesso-stories-casa sì-tendenze-sportiva-tutti i gg-lunghe-legate a foto,1
total body-tutti i giorni -nerd-editing no-sola-natura-travel-no risposta-fashion-spesso-stories-casa sì-vintage-sportiva-esperienze-lunghe-legate a foto,1
no risposta-tutti i giorni -no risposta-no risposta-no risposta-no risposta-no risposta-spontanea-no risposta-no risposta-no risposta-no risposta-no risposta-no risposta-no risposta-no risposta-no risposta,1
no risposta-no risposta-no risposta-editing no-sola-natura-travel-spontanea-make up-poco-stories-no risposta-tendenze-no risposta-no risposta-no risposta-no risposta,1
no risposta-no risposta-no risposta-no risposta-sola-no risposta-no risposta-no risposta-no risposta-no risposta-no risposta-no risposta-no risposta-no risposta-no risposta-no risposta-no risposta,1
no risposta-no risposta-no risposta-no risposta-no risposta-natura-no risposta-spontanea-fashion-no risposta-no risposta-no risposta-no risposta-no risposta-no risposta-no risposta-no risposta,1
no risposta-no risposta-no risposta-no risposta-no risposta-no risposta-no risposta-spontanea-make up-spesso-stories-no risposta-tendenze-elegante-no risposta-no risposta-legate a foto,1
no risposta-no risposta-no risposta-no risposta-no risposta-no risposta-no risposta-spontanea-make up-no risposta-no risposta-no risposta-no risposta-no risposta-esperienze-no risposta-no risposta,1
no risposta-no risposta-no risposta-no risposta-no risposta-no risposta-no risposta-spontanea-no risposta-no risposta-no risposta-no risposta-no risposta-no risposta-no risposta-no risposta-no risposta,1
no risposta-no risposta-no risposta-no risposta-no risposta-no risposta-no risposta-no risposta-fashion-spesso-post-no risposta-no risposta-no risposta-no risposta-no risposta-no risposta,1
no risposta-no risposta-no risposta-no risposta-no risposta-no risposta-no risposta-no risposta-no risposta-no risposta-no risposta-casa sì-no risposta-no risposta-no risposta-no risposta-legate a foto,1
no risposta-no risposta-no risposta-no risposta-no risposta-no risposta-no risposta-no risposta-no risposta-no risposta-no risposta-casa sì-no risposta-no risposta-no risposta-no risposta-no risposta,3
no risposta-no risposta-no risposta-no risposta-no risposta-no risposta-no risposta-no risposta-no risposta-no risposta-no risposta-no risposta-no risposta-no risposta-no risposta-corte-legate a foto,1
no risposta-no risposta-no risposta-no risposta-no risposta-no risposta-no risposta-no risposta-no risposta-no risposta-no risposta-casa no-no risposta-no risposta-no risposta-no risposta-no risposta,1
no risposta-no risposta-no risposta-no risposta-no risposta-no risposta-no risposta-no risposta-no risposta-no risposta-no risposta-no risposta-no risposta-no risposta-esperienze-no risposta-legate a foto,1
no risposta-no risposta-no risposta-no risposta-no risposta-no risposta-no risposta-no risposta-no risposta-no risposta-no risposta-no risposta-no risposta-no risposta-no risposta-no risposta-legate a foto,2
no risposta-no risposta-no risposta-no risposta-no risposta-no risposta-no risposta-no risposta-no risposta-no risposta-no risposta-no risposta-no risposta-no risposta-no risposta-corte-no risposta,1
no risposta-no risposta-no risposta-no risposta-no risposta-no risposta-no risposta-no risposta-make up-no risposta-stories-casa sì-vintage-sportiva-tutti i gg-lunghe-storytelling,1